1119,
1191,
1911,
9111,
1128,
1281,
2811,
8112,
1182,
1821,
8211,
2118,
1218,
2181,
1812,
8121,
1137,
1371,
3711,
7113,
1173,
1731,
7311,
3117,
1317,
3171,
1713,
7131,
1146,
1461,
4611,
6114,
1164,
1641,
6411,
4116,
1416,
4161,
1614,
6141,
1155,
1551,
5511,
5115,
1515,Messiaen truncated mode 5
5151,Messiaen truncated mode 5 inverse
1227,
2271,
2712,
7122,
1272,
2721,
7212,
2127,
1722,
7221,
2217,
2172,Warao tetratonic: South America
1236,
2361,
3612,
6123,
1263,
2631,
6312,
3126,
1326,
3261,
2613,
6132,
1362,
3621,
6213,
2136,
1623,
6231,
2316,
3162,
1632,
6321,
3216,
2163,
1245,
2451,Raga Sumukam
4512,
5124,
1254,
2541,
5412,
4125,
1425,
4251,Raga Nigamagamini
2514,
5142,
1452,
4521,
5214,
2145,
1524,
5241,
2415,
4152,
1542,
5421,
4215,
2154,
1335,
3351,
3513,
5133,
1353,
3531,
5313,
3135,
1533,
5331,
3315,
3153,
1344,
3441,
4413,
4134,
1434,"Raga Lavangi, Gowleeswari"
4341,
3414,
4143,
1443,
4431,
4314,
3144,
2226,
2262,
2622,
6222,
2235,Eskimo tetratonic (Alaska: Bethel)
2352,
3522,
5223,
2253,
2532,
5322,
3225,Vietnamese tetratonic
2325,Genus primum
3252,
2523,
5232,Genus primum inverse
2244,
2442,
4422,
4224,
2424,Messiaen truncated mode 6
4242,Messiaen truncated mode 6 inverse
2334,Raga Haripriya
3342,
3423,
4233,
2343,Raga Bhavani
3432,Bi Yu: China
4323,
3234,
2433,
4332,"Raga Mahathi, Antara Kaishiaki"
3324,
3243,
3333,Diminished
11118,
11181,
11811,
18111,
81111,
11127,
11271,
12711,
27111,
71112,
11172,
11721,
17211,
72111,
21117,
11217,
12171,
21711,
17112,
71121,
11712,
17121,
71211,
12117,
21171,
11136,
11361,
13611,
36111,
61113,
11163,
11631,Raga Kumarapriya
16311,
63111,
31116,
11316,
13161,Raga Megharanji
31611,
16113,
61131,
11613,Raga Putrika
16131,Raga Deshgaur
61311,
13116,
31161,
11145,
11451,
14511,
45111,
51114,
11154,
11541,
15411,
54111,
41115,
11415,Raga Nabhomani
14151,
41511,
15114,"Raga Saugandhini, Yashranjani"
51141,
11514,
15141,
51411,
14115,
41151,
11226,
12261,
22611,
26112,
61122,
11262,
12621,
26211,
62112,
21126,
11622,
16221,
62211,
22116,
21162,
12126,
21261,
12612,
26121,
61212,
12162,
21621,
16212,
62121,
21216,
12216,
22161,
21612,
16122,
61221,
11235,
12351,
23511,
35112,
51123,
11253,
12531,
25311,
53112,
31125,
11325,
13251,
32511,
25113,
51132,
11352,
13521,
35211,
52113,
21135,
12135,
21351,
13512,
35121,
51213,
11523,
15231,
52311,
23115,
31152,
11532,
15321,
53211,
32115,
21153,
12153,
21531,
15312,
53121,
31215,
12315,
23151,
31512,
15123,
51231,
12513,
25131,
51312,
13125,
31251,
13152,
31521,
15213,
52131,Raga Devaranjani (Devaranji)
21315,
13215,
32151,
21513,
15132,
51321,
11244,
12441,
24411,
44112,
41124,
11424,
14241,Raga Gauri
42411,
24114,
41142,
11442,
14421,
44211,
42114,
21144,
12144,
21441,
14412,
44121,
41214,Raga Zilaf
12414,"Phrygian Pentatonic, Balinese Pelog, Madenda Modern, Raga Bhupalam, Bhupala Todi, Bibhas"
24141,"Raga Vaijayanti, Hamsanada"
41412,Raga Khamaji Durga
14124,
41241,"Ionian Pentatonic, Raga Gambhiranata, Pelog Degung Modern, Ryukyu: Japan, Vong co: Vietnam, Batti Major: Ethiopia"
14142,Iwato: Japan
41421,"Raga Bhinna Shadja, Kaushikdhvani, Hindolita"
14214,"Hon-kumoi-joshi, Sakura, Akebono II: Japan, Olympos Enharmonic, Raga Salanganata, Saveri, Gunakri (Gunakali), Latantapriya, Ambassel: Ethiopia"
42141,"Lydian Pentatonic, Raga Amritavarshini, Malashri, Shilangi, Batti Lydian: Ethiopia"
21414,"Aeolian Pentatonic, Hira-joshi, Kata-kumoi, Yona Nuki Minor: Japan, Tizita Minor (Half tizita): Ethiopia"
11334,
13341,
33411,
34113,
41133,
11343,
13431,
34311,
43113,
31134,
11433,
14331,Raga Kshanika
43311,
33114,
31143,
13134,"Raga Megharanjani, Syrian Pentatonic"
31341,
13413,
34131,
41313,
13143,
31431,
14313,
43131,
31314,
13314,"Raga Reva, Revagupti, Ramkali, Vibhas (Bhairava)"
33141,"Raga Multani, Batti mineur"
31413,
14133,
41331,"Raga Girija, Bacovia: Romania, Batti Major sharp 5: Ethiopia"
12225,
22251,Raga Kumurdaki (Kumudki)
22512,
25122,
51222,
12252,
22521,Raga Neroshta
25212,Raga Matha Kokila (Matkokil)
52122,
21225,"Raga Purnalalita, Chad Gadyo: Jewish, Ghana Pentatonic 1, Nando-kyemyonjo: Korea"
12522,
25221,
52212,Raga Kuntvarali (Kuntalavarali)
22125,Raga Budhamanohari
21252,
15222,
52221,"Raga Puruhutika, Purvaholika"
22215,
22152,
21522,
12234,Raga Chitthakarshini
22341,"Raga Hamsadhvani (Hansdhwani, Haunsadhwani)"
23412,Raga Guhamanohari
34122,"Raga Shailaja, Varini"
41223,"Raga Nagasvaravali, Raga Mand"
12243,
22431,
24312,
43122,
31224,
12324,"Raga Chhaya Todi, Locrian Pentatonic 1"
23241,"Raga Desh, Tcherepnin Major Pentatonic, Nam xuan: Vietnam"
32412,"Raga Chandrakauns (Kafi), Surya, Varamu"
24123,Raga Shri Kalyan
41232,"Mixolydian Pentatonic, Nam ai, Oan: Vietnam, Raga Savethri"
12342,
23421,Raga Rasranjani
34212,
42123,Raga Dhavalashri
21234,Raga Audav Tukhari
12423,
24231,
42312,
23124,
31242,Locrian Pentatonic 2
12432,Raga Rukmangi
24321,Raga Shubravarni
43212,Raga Valaji
32124,
21243,Raga Abhogi
13224,
32241,"Raga Nata, Udayaravicandrika, Madhuranjani"
22413,
24132,
41322,
13242,
32421,"Raga Chandrakauns (modern), Marga Hindola, Rajeshwari"
24213,
42132,
21324,
13422,
34221,
42213,
22134,
21342,
14223,"Altered Pentatonic, Raga Manaranjani II"
42231,
22314,"Raga Bhupeshwari, Janasammodini"
23142,
31422,
14232,"Kokin-joshi, Miyakobushi, Han-Iwato, In Sen: Japan, Raga Vibhavari (Revati), Bairagi, Lasaki"
42321,"Raga Hindol (Sunada Vinodini), Sanjh ka Hindol"
23214,
32142,Raga Jayakauns
21423,"Dorian Pentatonic, Raga Sivaranjini (Shivranjani), Akebono I: Japan"
14322,
43221,Raga Mamata
32214,Raga Kokil Pancham
22143,
21432,
12333,
23331,Raga Priyadharshini
33312,
33123,
31233,
13233,
32331,Raga Chandrakauns (Kiravani)
23313,
33132,"Raga Samudhra Priya, Madhukauns (pentatonic)"
31323,Raga Mohanangi
13323,"Raga Rasika Ranjani, Vibhas (Marva), Scriabin"
33231,
32313,
23133,
31332,
13332,Raga Manaranjani I
33321,
33213,
32133,
21333,
22224,
22242,
22422,
24222,
42222,
22233,Kung: China
22332,Dominant Pentatonic
23322,Chaio: China
33222,"Raga Harikauns, Chin: China"
32223,"Minor added sixth Pentatonic, Kyemyonjo: Korea"
22323,"Major Pentatonic, Ryosen, Yona Nuki Major: Japan, Man Jue, Gong: China, Raga Bhopali (Bhup), Mohanam, Deskar, Bilahari, Kokila, Jait Kalyan, Peruvian Pentatonic 1, Ghana Pentatonic 2, Tizita Major: Ethiopia"
23232,"Suspended Pentatonic, Raga Madhyamavati, Madhmat Sarang, Megh, Egyptian, Shang, Rui Bin, Jin Yu, Qing Yu: China, Yo: Japan, Ngu Cung Dao: Vietnam, Yematebela wofe: Ethiopia"
32322,"Blues Minor, Raga Malkauns (Malakosh), Raga Hindola, Man Gong, Quan Ming, Yi Ze, Jiao: China, Shegaye: Ethiopia"
23223,"Slendro, Scottish Pentatonic, Blues Major, Ritusen, Ritsu (Gagaku): Japan, Zhi, Zheng: China, Ujo, P'yongjo: Korea, Bac: Vietnam, Lai Soutsanaen, Lai Po Sai, Lai Soi: Laos, Raga Devakriya, Durga, Suddha Saveri, Arabhi, Major complement"
32232,"Minor Pentatonic, Blues Pentatonic, Raga Dhani (Suddha Dhanyasi), Abheri, Udhayaravi Chandrika, Qing Shang, Gu Xian, Jia Zhong, Yu: China, P'yongjo-kyemyonjo: Korea, Minyo: Japan, Lai Yai, Lai Noi: Laos, Nam, Northern Sa mac: Vietnam, Peruvian Pentatonic 2, Batti Minor: Ethiopia"
111117,
111171,
111711,
117111,
171111,
711111,
111126,
111261,
112611,
126111,
261111,
611112,
111162,
111621,
116211,
162111,
621111,
211116,
111216,
112161,
121611,
216111,
161112,
611121,
111612,
116121,
161211,
612111,
121116,
211161,
112116,
121161,
211611,
116112,
161121,
611211,
111135,
111351,
113511,
135111,
351111,
511113,
111153,
111531,
115311,
153111,
531111,
311115,
111315,
113151,
131511,
315111,
151113,
511131,
111513,
115131,
151311,
513111,
131115,
311151,
113115,
131151,
311511,
115113,
151131,
511311,
111144,
111441,
114411,
144111,
441111,
411114,
111414,
114141,Raga Vijayasri
141411,
414111,
141114,
411141,
114114,"Messiaen mode 5, Two-semitone Tritone scale"
141141,
411411,Messiaen mode 5 inverse
111225,
112251,
122511,
225111,
251112,
511122,
111252,
112521,
125211,
252111,
521112,
211125,
111522,
115221,
152211,
522111,
221115,Raga Dipak
211152,
112125,
121251,
212511,
125112,
251121,
511212,
112152,
121521,
215211,
152112,
521121,
211215,
112215,
122151,
221511,
215112,
151122,
511221,
112512,
125121,
251211,
512112,
121125,
211251,
115122,
151221,
512211,
122115,
221151,
211512,
115212,
152121,
521211,
212115,
121152,
211521,
121215,Istrian: Croatia
212151,
121512,
215121,
151212,
512121,
111234,
112341,
123411,
234111,
341112,
411123,
111243,
112431,
124311,
243111,
431112,
311124,
111324,
113241,
132411,
324111,
241113,
411132,
111342,
113421,
134211,
342111,
421113,
211134,
111423,
114231,
142311,
423111,
231114,
311142,
111432,
114321,
143211,
432111,
321114,
211143,
112134,
121341,
213411,
134112,
341121,
411213,
112143,
121431,
214311,
143112,
431121,
311214,
112314,
123141,
231411,
314112,
141123,
411231,
112413,
124131,
241311,"Raga Malarani, Hamsanada"
413112,
131124,
311241,
113124,
131241,Raga Gaula
312411,
124113,
241131,
411312,
113142,
131421,"Raga Vasanta, Chayavati"
314211,
142113,Raga Kalakanthi
421131,
211314,
113214,
132141,"Raga Mandari, Gamakakriya, Hamsanarayani"
321411,
214113,
141132,
411321,
113412,
134121,
341211,
412113,Raga Saravati (Sharavati)
121134,
211341,
114123,Raga Chandrajyoti
141231,
412311,"Raga Tilang, Savitri, Brindabani Tilang"
123114,
231141,
311412,
114132,
141321,
413211,
132114,Raga Dhavalangam
321141,
211413,
114213,
142131,Raga Padi
421311,Raga Vijayavasanta
213114,Raga Syamalam
131142,
311421,
114312,
143121,
431211,
312114,
121143,
211431,
121314,
213141,Raga Amarasenapriya
131412,Raga Rudra Pancama
314121,
141213,
412131,"Raga Paraju (Paraz, Pharas), Ramamanohari, Sindhu Ramakriya, Kamalamanohari"
121413,
214131,
141312,
413121,
131214,"Raga Purna Pancama, Malahari, Geyahejjajji, Kannadabangala"
312141,Raga Rasamanjari
111333,
113331,
133311,
333111,
331113,
311133,
113133,
131331,"Raga Lalita, Sohini, Hamsanandi, Lalit Bhairav"
313311,
133113,Raga Kalagada (Kalgada)
331131,
311313,
113313,Raga Suddha Mukhari
133131,Raga Bauli
331311,"Raga Jivantini, Gaurikriya"
313113,
131133,
311331,
131313,"Messiaen truncated mode 3, Prometheus (Liszt)"
313131,"Messiaen truncated mode 3 inverse, Major Augmented, Genus tertium, Raga Devamani"
112224,
122241,
222411,
224112,
241122,Raga Jaganmohanam
411222,
112242,
122421,
224211,
242112,
421122,Raga Jyoti
211224,
112422,
124221,
242211,
422112,
221124,
211242,
114222,
142221,Raga Jivantika
422211,
222114,
221142,
211422,
121224,
212241,Raga Sindhura Kafi
122412,
224121,
241212,Raga Sarasvati
412122,Raga Kamalamanohari
121242,Superlocrian Hexamirror
212421,
124212,Raga Salagavarali
242121,
421212,Raga Vutari
212124,
121422,
214221,Hawaiian
142212,Raga Rasavali
422121,
221214,
212142,
122124,
221241,"Raga Nalinakanti, Kedaram, Vilasini"
212412,"Raga Bagesri, Sriranjani, Kapijingla, Jayamanohari"
124122,Raga Kashyapi
241221,Raga Nishadi
412212,"Raga Khamas, Desya Khamas, Bahudari"
122142,Honchoshi plagal form: Japan
221421,Raga Hamsa Vinodini
214212,Raga Manavi
142122,"Raga Phenadyuti, Insen, Honchoshi, Niagari: Japan"
421221,
212214,
122214,Raga Suddha Simantini
222141,"Raga Caturangini, Ratnakanthi"
221412,"Raga Rageshri (Rageshwari), Nattaikurinji (Natakuranji)"
214122,Raga Trimurti
141222,
412221,"Raga Hari Nata, Genus secundum"
112233,
122331,Raga Viyogavarali
223311,
233112,
331122,
311223,
112323,
123231,Raga Gurjari Todi
232311,"Raga Brindabani Sarang, Megh (Megh Malhar)"
323112,
231123,
311232,"Raga Bhanumanjari, Jog"
112332,
123321,
233211,
332112,
321123,
211233,
113223,
132231,
322311,
223113,
231132,
311322,
113232,
132321,"Raga Hamsanandi, Marva, Pancama, Puriya, Sohni"
323211,
232113,
321132,"Blues scale I, Raga Nileshwari"
211323,Major blues scale
113322,
133221,
332211,
322113,
221133,
211332,
121233,
212331,"Raga Ghantana, Kaushiranjani (Kaishikiranjani)"
123312,
233121,
331212,Raga Madhukauns (hexatonic)
312123,
121323,
213231,Takemitsu Tree Line mode 1
132312,Prometheus Neapolitan
323121,
231213,
312132,
121332,
213321,"Raga Ranjani, Rangini"
133212,Raga Malayamarutam
332121,
321213,
212133,Pyramid Hexatonic
122133,Double-Phrygian Hexatonic
221331,Raga Sarasanana
213312,
133122,
331221,
312213,Equal temperaments 3 and 4 mixed
122313,
223131,Raga Latika
231312,
313122,
131223,"Raga Kalavati, Ragamalini"
312231,
123123,Messiaen truncated mode 2
231231,
312312,
123132,
231321,
313212,
132123,
321231,
212313,
123213,
232131,Raga Bhinna Pancama
321312,
213123,Raga Vijayanagari
131232,
312321,
132132,"Messiaen truncated mode 2, Raga Indupriya, Tritone scale"
321321,
213213,Raga Neelangi
131322,Raga Vasantabhairavi
313221,
132213,Raga Hejjajji
322131,Raga Takka
221313,
213132,"Raga Simharava (Sinharavam), Gopikatilaka"
122223,
222231,Eskimo Hexatonic 2 (Alaska: Point Hope)
222312,"Prometheus (Scriabin), Mystic, Raga Barbara"
223122,
231222,
312222,
122232,"Raga Gandharavam, Sabai silt: Ethiopia"
222321,Raga Mruganandana
223212,
232122,Raga Navamanohari
321222,
212223,"Raga Suddha Bangala, Gauri Velavali"
122322,"Ritsu: Japan, Raga Suddha Todi"
223221,"Raga Kumud, Sankara (Shankara), Prabhati, Lydian Hexatonic"
232212,"Mixolydian Hexatonic, P'yongjo: Korea, Yosen: Japan, Raga Darbar, Narayani, Suposhini, Andolika, Gorakh Kalyan"
322122,"Raga Gopikavasantam, Desya Todi, Jayantasri, Phrygian Hexatonic"
221223,"Arezzo Major Diatonic Hexachord, Raga Kambhoji, Devarangini, Sama (Syama), Scottish Hexatonic"
212232,"Minor Hexatonic, Raga Manirangu, Nayaki, Palasi, Pushpalithika (Puspalatika), Suha Sughrai, Yo: Japan, Eskimo Hexatonic 1 (Alaska: King Island)"
123222,Raga Bhavani
232221,Raga Nagagandhari
322212,"Raga Manohari, Malavasri"
222123,"Raga Yamuna Kalyani, Kalyani Keseri, Airavati, Ancient Chinese"
221232,"Raga Siva Kambhoji, Vivardhini, Andhali"
212322,
132222,
322221,
222213,
222132,
221322,
213222,Takemitsu Tree Line mode 2
222222,"Whole-tone, Messiaen mode 1, Raga Gopriya, Anhemitonic Hexatonic"
1111116,
1111161,
1111611,
1116111,
1161111,
1611111,
6111111,
1111125,
1111251,
1112511,
1125111,
1251111,
2511111,
5111112,
1111152,
1111521,
1115211,
1152111,
1521111,
5211111,
2111115,
1111215,
1112151,
1121511,
1215111,
2151111,
1511112,
5111121,
1111512,
1115121,
1151211,
1512111,
5121111,
1211115,
2111151,
1112115,
1121151,
1211511,
2115111,
1151112,
1511121,
5111211,
1115112,
1151121,
1511211,
5112111,
1121115,
1211151,
2111511,
1111134,
1111341,
1113411,
1134111,
1341111,
3411111,
4111113,
1111143,
1111431,
1114311,
1143111,
1431111,
4311111,
3111114,
1111314,
1113141,
1131411,
1314111,
3141111,
1411113,
4111131,
1111413,
1114131,
1141311,"Mela Raghupriya, Raga Ravikriya, Ghandarva"
1413111,
4131111,
1311114,
3111141,
1113114,
1131141,
1311411,
3114111,
1141113,Mela Salaga
1411131,
4111311,
1114113,
1141131,"Mela Jhalavarali, Raga Varali, Jinavali"
1411311,
4113111,
1131114,
1311141,
3111411,
1111224,
1112241,
1122411,
1224111,
2241111,
2411112,
4111122,
1111242,
1112421,
1124211,
1242111,
2421111,
4211112,
2111124,
1111422,
1114221,
1142211,
1422111,
4221111,
2211114,
2111142,
1112124,
1121241,
1212411,
2124111,
1241112,
2411121,
4111212,
1112142,
1121421,
1214211,
2142111,
1421112,
4211121,
2111214,
1112214,
1122141,
1221411,
2214111,Raga Rageshri
2141112,
1411122,
4111221,
1112412,
1124121,
1241211,
2412111,
4121112,
1211124,
2111241,
1114122,
1141221,"Mela Pavani, Raga Kumbhini"
1412211,
4122111,Raga Madhuri
1221114,
2211141,
2111412,
1114212,
1142121,
1421211,
4212111,
2121114,
1211142,
2111421,
1121124,
1211241,
2112411,
1124112,
1241121,
2411211,
4112112,
1121142,
1211421,
2114211,
1142112,
1421121,
4211211,
2112114,
1121214,
1212141,
2121411,
1214112,
2141121,
1411212,
4112121,
1121412,
1214121,
2141211,
1412112,
4121121,
1211214,
2112141,
1122114,
1221141,
2211411,
2114112,
1141122,Mela Jalarnava
1411221,
4112211,
1141212,"Mela Navanitam, Raga Nabhomani"
1412121,
4121211,
1212114,
2121141,
1211412,
2114121,
1111233,
1112331,
1123311,
1233111,
2331111,
3311112,
3111123,
1111323,
1113231,
1132311,"Mela Tanarupi, Raga Tanukirti"
1323111,
3231111,
2311113,
3111132,
1111332,
1113321,
1133211,
1332111,
3321111,
3211113,
2111133,Debussy's Heptatonic
1112133,
1121331,
1213311,
2133111,
1331112,
3311121,
3111213,
1112313,
1123131,
1231311,Mela Divyamani
2313111,
3131112,
1311123,
3111231,
1113123,
1131231,
1312311,"Mela Hatakambari, Raga Jeyasuddhamalavi"
3123111,
1231113,"Mela Gavambodhi, Raga Girvani"
2311131,
3111312,
1113132,
1131321,
1313211,Verdi's Scala enigmatica descending
3132111,
1321113,"Mela Dhavalambari, Foulds' Mantra of Will scale"
3211131,
2111313,
1113213,
1132131,"Mela Ganamurti, Raga Ganasamavarali"
1321311,"Mela Visvambhari, Raga Vamsavathi"
3213111,
2131113,"Mela Syamalangi, Raga Shyamalam"
1311132,
3111321,
1113312,
1133121,
1331211,
3312111,
3121113,"Mela Sucaritra, Raga Santanamanjari"
1211133,
2111331,
1121133,
1211331,
2113311,
1133112,
1331121,
3311211,
3112113,"Mela Yagapriya, Raga Kalahamsa"
1121313,
1213131,
2131311,"Mela Nitimati, Raga Nisada, Kaikavasi"
1313112,
3131121,
1311213,
3112131,"Mela Gangeyabhusani, Raga Gangatarangini, Sengiach (Sengah): Greece, Gipsy Hexatonic inverse"
1123113,Chromatic Phrygian inverse
1231131,"Todi That, Mela Shubhapantuvarali, Raga Multani, Gamakasamantam, Harsh Minor, Chromatic Lydian inverse, Maqam Athar Kurd"
2311311,Chromatic Mixolydian inverse
3113112,Chromatic Hypodorian inverse
1131123,Chromatic Hypophrygian inverse
1311231,"Raga Lalita, Persian, Chromatic Hypolydian inverse, Raga Suddha Pancama"
3112311,"Mela Calanata, Raga None, Chromatic Dorian inverse"
1131213,Locrian diminished flat 3
1312131,"Major Gipsy, Double Harmonic Major, Bhairav That, Mela Mayamalavagaula, Raga Paraj, Kalingada, Gaulipantu, Lalitapancamam, Chromatic 2nd Byzantine Liturgical, Hitzazkiar: Greece, Maqam Zengule, Hijaz Kar, Suzidil"
3121311,"Mela Rasikapriya, Raga Rasamanjari, Hamsagiri"
1213113,Super Phrygian diminished
2131131,"Double Harmonic Minor, Hungarian Minor, Egyptian Heptatonic, Mela Simhendramadhyama, Raga Madhava Manohari, Maqam Nawa Athar, Hisar, Flamenco Mode, Niavent: Greece"
1311312,"Oriental, Raga Ahira-Lalita, Hungarian Minor inverse, Tsinganikos: Greece"
3113121,Ionian augmented sharp 2
1131312,
1313121,
3131211,
1312113,"Mela Gayakapriya, Raga Kalakanti, Gipsy Hexatonic"
3121131,"Mela Dhatuvardhani, Raga Dhauta Pancama, Devarashtra"
1211313,
2113131,
1132113,"Chromatic Dorian, Mela Kanakangi, Raga Kanakambari"
1321131,"Chromatic Hypolydian, Purvi That, Mela Kamavardhani, Raga Shri, Pantuvarali, Basant, Kasiramakriya, Suddharamakriya, Puriya Dhanashri, Dhipaka, Pireotikos: Greece, Composite II"
3211311,"Chromatic Hypophrygian, Blues scale III"
2113113,"Chromatic Hypodorian, Relative Blues scale, Raga Dvigandharabushini"
1131132,Chromatic Mixolydian
1311321,"Chromatic Lydian, Raga Lalit, Bhankar"
3113211,Chromatic Phrygian
1112223,
1122231,
1222311,Mela Rupavati
2223111,
2231112,
2311122,
3111222,
1112232,
1122321,
1223211,
2232111,
2321112,
3211122,
2111223,
1112322,
1123221,
1232211,
2322111,"Raga Sorati, Sur Malhar"
3221112,
2211123,
2111232,
1113222,
1132221,"Mela Manavati, Raga Manoranjani"
1322211,Verdi's Scala enigmatica ascending
3222111,
2221113,"Mela Kantamani, Raga Kuntala, Srutiranjani"
2211132,
2111322,
1121223,
1212231,
2122311,"Mela Varunapriya, Viravasantham"
1223112,
2231121,
2311212,
3112122,"Mela Ragavardhani, Raga Cudamani"
1121232,
1212321,
2123211,
1232112,
2321121,
3211212,Blues Heptatonic II
2112123,
1121322,The Elephant Scale (12-Tone)
1213221,
2132211,
1322112,
3221121,
2211213,
2112132,
1122123,Altered Minor
1221231,Harmonic Locrian
2212311,"Mela Naganandini, Raga Nagabharanam, Samanta, Ionian sharp 6"
2123112,Dorian augmented
1231122,"Mela Bhavapriya, Raga Bhavani, Kalamurti, Neveseri ascending: Greece, Sub Phrygian"
2311221,Lydian sharp 3
3112212,"Mela Vagadhisvari, Raga Bhogachayanata, Nandkauns, Ganavaridhi, Chayanata, Bluesy Rock 'n Roll, Mixolydian sharp 2"
1122132,Altered harmonic minor
1221321,Neapolitan major flat 5
2213211,
2132112,Ukrainian Minor augmented
1321122,"Mela Namanarayani, Raga Narmada, Pratapa, Harsh Major-Minor, Sub Phrygian dominant"
3211221,
2112213,Ultra Locrian natural 2
1122213,Ultra Locrian diminished
1222131,"Neapolitan Minor, Mela Dhenuka, Raga Bhinnasadjam, Dhunibinnashadjam, Kirvanti, Takka, Maqam Shahnaz Kurdi, Hungarian Gipsy"
2221311,"Mela Citrambari, Raga Chaturangini, Lydian sharp 6"
2213112,Mixolydian augmented
2131122,"Minor Gipsy, Ukrainian Dorian, Mela Sanmukhapriya, Raga Camara, Chinthamani"
1311222,Locrian dominant
3112221,"Mela Sulini, Raga Sailadesakshi, Raga Trishuli, Houzam: Greece, Ionian sharp 2"
1122312,
1223121,
2231211,
2312112,
3121122,"Mela Jyotisvarupini, Raga Jotismatti"
1211223,
2112231,
1123122,Super Phrygian flat 3
1231221,"Mela Suvarnangi, Raga Sauviram, Lydian diminished flat 2"
2312211,
3122112,Hungarian augmented
1221123,Locrian diminished flat 6
2211231,Harmonic major flat 5
2112312,Super Dorian flat 5
1123212,
1232121,
2321211,
3212112,
2121123,
1211232,
2112321,
1131222,Locrian flat 3
1312221,"Mela Suryakanta, Bhairubahar That, Raga Supradhipam, Sowrashtram, Jaganmohini, Major-Melodic Phrygian, Hungarian Gipsy inverse, Ionian flat 2"
3122211,
1222113,"Mela Senavati, Raga Senagrani, Malini, Phrygian diminished"
2221131,"Harmonic Lydian, Mela Latangi, Raga Gitapriya, Hamsalata"
2211312,"Minor Gipsy inverse, Mixolydian flat 5"
2113122,"Sabach (Sambah) ascending: Greece, Super Minor"
1132122,"Mela Ratnangi, Raga Phenadyuti, Phrygian flat 3"
1321221,"Marva That, Mela Gamanasrama, Raga Partiravam, Puriya, Puriya Kalyan, Purvikalyani, Sohani, Bairari, Harsh-intense Major, Peiraiotikos: Greece, Lydian flat 2"
3212211,
2122113,"Mela Jhankaradhvani, Raga Jhankara Bhramavi, Minor diminished"
1221132,Locrian flat 6
2211321,Ionian flat 5
2113212,"Super Dorian, Bebop Minor"
1132212,"Mela Vanaspati, Raga Bhanumati"
1322121,
3221211,
2212113,"Mela Mararanjani, Raga Keseri, Major Bebop Heptatonic"
2121132,Modified Blues
1211322,
2113221,
1212123,
2121231,"Locrian nr.2, Harmonic Minor flat 5"
1212312,Super Locrian natural 6
2123121,Melodic augmented
1231212,"Mela Sadvidhamargini, Raga Sthavarajam, Tivravahini, Ukrainian Minor flat 2"
2312121,"Nohkan Flute scale: Japan, Lydian augmented sharp 3"
3121212,"Hungarian Major, Mela Nasikabhusani, Raga Nasamani"
1212132,Altered harmonic major
2121321,"Jeths' mode, Melodic Minor flat 5"
1213212,Super Dorian flat 2
2132121,Lydian augmented-diminished
1321212,"Mela Ramapriya, Raga Ramamanohari, Romanian Major, Petrushka chord, Lydian dominant flat 2"
3212121,Super Lydian
2121213,"Moravian Pistalkova, Hungarian Major inverse"
1212213,"Ultralocrian, Superlocrian Diminished, Mixolydian sharp 1"
2122131,"Harmonic Minor, Mischung 4, Pilu That, Mela Kiravani, Raga Kiranavali, Kirvani, Kalyana Vasantha, Deshi(3), Maqam Bayat-e-Esfahan, Sultani Yakah, Zhalibny Minor, Armoniko minore: Greece"
1221312,"Locrian natural 6, Maqam Tarznauyn"
2213121,"Ionian Augmented, Ionian sharp 5"
2131212,"Mela Hemavati, Raga Desisimharavam, Maqam Nakriz, Tunisian, Dorian sharp 4, Misheberekh: Jewish, Souzinak (Peiraiotikos Minor), Nigriz, Pimenikos: Greece, Ukrainian Minor, Kaffa, Gnossiennes"
1312122,"Phrygian Dominant, Phrygian Major, Mela Vakulabharanam, Raga Jogiya, Ahiri, Vativasantabhairavi, Zilof, Ahava Rabba, Freygish: Jewish, Maqam Hijaz-Nahawand, Humayun, Spanish Gipsy, Dorico Flamenco: Spain, Hitzaz: Greece, Harmonic Major inverse"
3121221,"Aeolian Harmonic, Lydian sharp 2, Mela Kosalam, Raga Kusumakaram"
1213122,"Makam Huzzam, Maqam Saba Zamzam, Super Phrygian, Phrygian flat 4"
2131221,"Lydian Diminished, Mela Dharmavati, Raga Arunajualita, Dumyaraga, Madhuvanti, Ambika"
1312212,"Harmonic Minor inverse, Mela Cakravaka, Raga Ahir Bhairav, Bindumalini, Vegavahini, Makam Hicaz, Zanjaran, Mixolydian flat 2"
3122121,"Aeolian flat 1, Lydian augmented sharp 2"
1221213,"Locrian diminished, Locrian double-flat 7"
2212131,"Harmonic Major, Mela Sarasangi, Raga Haripriya, Simhavahini, Mischung 2, Ethiopian, Tabahaniotikos: Greece"
2121312,"Dorian flat 5, Blues Heptatonic, Makam Karcigar, Maqam Nahawand Murassah, Kiourdi ascending, Kartzihiar: Greece"
1122222,"Leading Whole-tone inverse, Altered melodic minor, Super Locrian flat 3"
1222221,"Neapolitan Major, Lydian Major, Mela Kokilapriya, Raga Kokilaravam"
2222211,"Leading Whole-tone, Lydian augmented sharp 6"
2222112,Lydian dominant augmented
2221122,"Lydian Minor, Mela Risabhapriya, Raga Ratipriya"
2211222,Major Locrian
2112222,Super Locrian natural 2
1212222,"Superlocrian, Altered Dominant, Diminished Whole-tone, Locrian flat 4, Pomeroy, Ravel"
2122221,"Melodic Minor ascending, Jazz Minor, Minor-Major, Mela Gaurimanohari, Raga Patdip, Velavali, Deshi(2), Mischung 1, Hawaiian"
1222212,"Mela Natakapriya, Jazz Minor inverse, Phrygian-Mixolydian, Dorian flat 2, Raga Natabharanam, Ahiri Todi"
2222121,"Lydian Augmented, Lydian sharp 5"
2221212,"Lydian Dominant, Mela Vacaspati, Raga Bhusavati, Bhusavali, Overtone, Lydian-Mixolydian, Bartok"
2212122,"Major-Minor, Melodic Major, Mischung 6, Mixolydian flat 6, Mela Carukesi, Raga Charukeshi, Tarangini"
2121222,"Minor Locrian, Half Diminished, Locrian natural 2, Minor flat 5"
1221222,"G.Mixolydian, G.Hyperdorian, M.Hypophrygian, M.Locrian, G.M.Hyperaeolian, Rut biscale descending, Pien chih: China, Makam Lami, Yishtabach: Jewish"
2212221,"G.Lydian, M.Ionian, M.Hypolydian, Major, Bilaval That, Mela Shankarabharanam, Raga Atana, Ghana Heptatonic, Peruvian Major, Matzore, Rast ascending: Greece, 4th plagal Byzantine, Ararai: Ethiopia, Makam Cargah, Ajam Ashiran, Dastgah-e Mahur, Dastgah-e Rast Panjgah, Xin: China, DS2"
2122212,"G.Phrygian, M.Dorian, M.Hypomixolydian, Kafi That, Mela Kharaharapriya, Raga Bageshri, Bhimpalasi, Nayaki Kanada, Sriraga, Ritigaula, Huseni, Kanara, Mischung 5, Gregorian nr.8, Eskimo Heptatonic, Yu: China, Hyojo, Oshikicho, Banshikicho: Japan, Nam: Vietnam"
1222122,"G.Dorian, M.Phrygian, G.M.Hypoaeolian, Bhairavi That, Mela Hanumatodi, Raga Asavari (Asaveri), Bilashkhani Todi, Ghanta, Makam Kurd, Gregorian nr.3, In, Zokuso: Japan, Ousak: Greece, Major inverse"
2221221,"G.Hypolydian, M.Lydian, G.M.Hypolocrian, Rut biscale ascending, Kalyan That (Yaman), Mela Mecakalyani, Raga Shuddh Kalyan, Ping, Kung, Gu: China"
2212212,"G.Hypophrygian, G.Ionian (Iastian), M.Mixolydian, G.M.Hypoionian, Hypermixolydian, Khamaj That, Mela Harikambhoji, Raga Harini, Janjhuti, Khambhavati, Surati, Balahamsa, Devamanohari, Mischung 3, Gregorian nr.7, Enharmonic Byzantine Liturgical, Rast descending: Greece, Ching, Shang: China"
2122122,"G.M.Hypodorian, G.M.Aeolian, G.Hyperphrygian, Natural Minor, Melodic Minor descending, Asavari That, Mela Natabhairavi, Raga Jaunpuri, Adana, Darbari, Dhanyasi, Jingla, Gregorian nr.2, Makam Buselik, Nihavend, Peruvian Minor, Se, Chiao: China, Geez, Ezel: Ethiopia, Kiourdi descending: Greece, Cushak: Armenia"
11111115,
11111151,
11111511,
11115111,
11151111,
11511111,
15111111,
51111111,
11111124,
11111241,
11112411,
11124111,
11241111,
12411111,
24111111,
41111112,
11111142,
11111421,
11114211,
11142111,
11421111,
14211111,
42111111,
21111114,
11111214,
11112141,
11121411,
11214111,
12141111,
21411111,
14111112,
41111121,
11111412,
11114121,
11141211,
11412111,
14121111,
41211111,
12111114,
21111141,
11112114,
11121141,
11211411,
12114111,
21141111,
11411112,
14111121,
41111211,
11114112,
11141121,
11411211,
14112111,
41121111,
11211114,
12111141,
21111411,
11121114,
11211141,
12111411,
21114111,
11141112,
11411121,
14111211,
41112111,
11111133,
11111331,
11113311,
11133111,
11331111,
13311111,
33111111,
31111113,
11111313,
11113131,
11131311,
11313111,
13131111,
31311111,
13111113,
31111131,
11113113,
11131131,
11311311,
13113111,
31131111,
11311113,
13111131,Raga Ramkali (Ramakri)
31111311,
11131113,"Messiaen mode 4, Tcherepnin Octatonic mode 3"
11311131,Tcherepnin Octatonic mode 2
13111311,Tcherepnin Octatonic mode 1
31113111,"Messiaen mode 4 inverse, Tcherepnin Octatonic mode 4"
11111223,
11112231,
11122311,
11223111,
12231111,
22311111,
23111112,
31111122,
11111232,
11112321,
11123211,
11232111,
12321111,
23211111,
32111112,
21111123,
11111322,
11113221,
11132211,
11322111,
13221111,
32211111,
22111113,
21111132,
11112123,
11121231,
11212311,
12123111,
21231111,
12311112,
23111121,
31111212,
11112132,
11121321,
11213211,
12132111,
21321111,
13211112,
32111121,
21111213,
11112213,
11122131,Harmonic and Neapolitan Minor mixed
11221311,
12213111,
22131111,
21311112,Raga Cintamani
13111122,
31111221,
11112312,
11123121,
11231211,
12312111,
23121111,
31211112,
12111123,
21111231,
11113122,
11131221,
11312211,
13122111,
31221111,
12211113,
22111131,
21111312,
11113212,
11132121,
11321211,
13212111,
32121111,
21211113,
12111132,
21111321,
11121123,
11211231,
12112311,
21123111,
11231112,
12311121,
23111211,
31112112,
11121132,
11211321,
12113211,
21132111,
11321112,
13211121,
32111211,
21112113,
11121213,
11212131,
12121311,
21213111,
12131112,
21311121,
13111212,
31112121,
11121312,
11213121,
12131211,
21312111,
13121112,
31211121,
12111213,
21112131,
11122113,
11221131,
12211311,
22113111,
21131112,
11311122,
13111221,Raga Bhatiyar
31112211,
11123112,
11231121,
12311211,Neveseri: Greece
23112111,
31121112,
11211123,
12111231,
21112311,
11131122,
11311221,
13112211,Verdi's Scala enigmatica
31122111,
11221113,
12211131,Half-diminished Bebop
22111311,
21113112,
11131212,
11312121,
13121211,Maqam Hijaz (Hedjaz)
31212111,
12121113,
21211131,"Algerian, Sabiren"
12111312,Maqam Shadd'araban
21113121,
11132112,
11321121,
13211211,
32112111,
21121113,
11211132,
12111321,
21113211,
11211213,
12112131,
21121311,
11213112,
12131121,
21311211,
13112112,
31121121,
11211312,
12113121,
21131211,Sabach (Sambah): Greece
11312112,
13121121,Raga Saurashtra
31211211,
12112113,
21121131,
11311212,
13112121,
31121211,
11212113,
12121131,
21211311,
12113112,
21131121,
11112222,
11122221,
11222211,
12222111,
22221111,
22211112,
22111122,
21111222,
11121222,
11212221,
12122211,
21222111,"Raga Mian Ki Malhar, Bahar, Sindhura"
12221112,
22211121,
22111212,
21112122,
11122122,Phrygian/Aeolian mixed
11221221,
12212211,Prokofiev
22122111,"Genus diatonicum, Dominant Bebop, Raga Khamaj, Desh Malhar, Alhaiya Bilaval, Devagandhari, Bihagara, Maqam Shawq Awir, Gregorian nr.6, Major/Mixolydian mixed, Chinese Eight-Tone, Rast: Greece"
21221112,"Raga Mukhari, Anandabhairavi, Deshi, Manji, Gregorian nr.1, Dorian/Aeolian mixed"
12211122,Phrygian/Locrian mixed
22111221,"Ishikotsucho: Japan, Raga Yaman Kalyan, Chayanat, Bihag, Hamir Kalyani, Kedar, Gaud Sarang, Genus diatonicum veterum correctum, Gregorian nr.5, Kubilai's Mongol scale, Major/Lydian mixed"
21112212,"Minor Bebop, Dorian Bebop, Raga Zilla, Mixolydian/Dorian mixed"
11122212,Adonai Malakh: Jewish
11222121,
12221211,Hamel
22212111,
22121112,
21211122,
12111222,"Espla's scale, Eight-tone Spanish"
21112221,
11211222,
12112221,
21122211,
11222112,
12221121,Neapolitan Major and Minor mixed
22211211,
22112112,
21121122,
11212122,
12121221,Shostakovich
21212211,
12122112,
21221121,"Zirafkend: Arabic, Melodic Minor Bebop"
12211212,
22112121,
21121212,
11212212,
12122121,Magen Abot: Jewish
21221211,"Maqam Nahawand, Farahfaza, Raga Suha (Suha Kanada), Gregorian nr.4, Utility Minor"
12212112,
22121121,"Major Bebop, Altered Mixolydian"
21211212,Blues scale II
12112122,Spanish Phrygian
21121221,
11221122,Messiaen mode 6
12211221,Van der Horst Octatonic
22112211,Messiaen mode 6 inverse
21122112,Equal temperaments 4 and 6 mixed
11221212,
12212121,
22121211,
21212112,
12121122,
21211221,
12112212,JG Octatonic
21122121,
12121212,"Octatonic, Messiaen mode 2, Dominant Diminished, Diminished Blues, Half-Whole step scale"
21212121,"Diminished, Modus conjunctus, Messiaen mode 2 inverse, Whole-Half step scale"
111111114,
111111141,
111111411,
111114111,
111141111,
111411111,
114111111,
141111111,
411111111,
111111123,
111111231,
111112311,
111123111,
111231111,
112311111,
123111111,
231111111,
311111112,
111111132,
111111321,
111113211,
111132111,
111321111,
113211111,
132111111,
321111111,
211111113,
111111213,
111112131,
111121311,
111213111,
112131111,
121311111,
213111111,
131111112,
311111121,
111111312,
111113121,
111131211,
111312111,
113121111,
131211111,
312111111,
121111113,
211111131,
111112113,
111121131,
111211311,
112113111,
121131111,
211311111,
113111112,
131111121,
311111211,
111113112,
111131121,
111311211,
113112111,
131121111,
311211111,
112111113,
121111131,
211111311,
111121113,
111211131,
112111311,
121113111,
211131111,
111311112,
113111121,
131111211,
311112111,
111131112,
111311121,
113111211,
131112111,
311121111,
111211113,
112111131,
121111311,
211113111,
111111222,
111112221,
111122211,
111222111,
112221111,
122211111,
222111111,
221111112,
211111122,
111112122,
111121221,
111212211,
112122111,Chromatic Bebop
121221111,
212211111,"Raga Pilu, Full Minor"
122111112,
221111121,
211111212,Blues Enneatonic II
111112212,
111122121,
111221211,
112212111,
122121111,
221211111,Raga Pahadi
212111112,Kiourdi: Greece
121111122,
211111221,
111121122,
111211221,
112112211,
121122111,
211221111,
112211112,
122111121,
221111211,
211112112,
111121212,
111212121,
112121211,
121212111,
212121111,
121211112,
212111121,
121111212,
211112121,
111122112,
111221121,
112211211,
122112111,
221121111,
211211112,
112111122,
121111221,
211112211,
111211122,Locrian/Aeolian mixed
112111221,
121112211,
211122111,"Raga Malgunji, Ramdasi Malhar, Major/Dorian mixed, Blues Enneatonic"
111221112,Chromatic and Diatonic Dorian mixed
112211121,
122111211,
221112111,"Taishikicho, Ryo: Japan, Raga Chayanat, Lydian/Mixolydian mixed"
211121112,"Houseini: Greece, Modes of Major Pentatonic mixed"
111211212,
112112121,
121121211,"Moorish Phrygian, Phrygian/Double Harmonic Major mixed"
211212111,
112121112,
121211121,
212111211,
121112112,
211121121,
111212112,
112121121,Chromatic and Permuted Diatonic Dorian mixed
121211211,
212112111,
121121112,
211211121,
112111212,Youlan scale: China
121112121,
211121211,
112112112,"Messiaen mode 3, Tcherepnin Nonatonic mode 3"
121121121,"Genus chromaticum, Tcherepnin Nonatonic mode 1, Augmented-9"
211211211,"Messiaen mode 3 inverse, Tcherepnin Nonatonic mode 2"
1111111113,
1111111131,
1111111311,
1111113111,
1111131111,
1111311111,
1113111111,
1131111111,
1311111111,
3111111111,
1111111122,
1111111221,
1111112211,
1111122111,
1111221111,
1112211111,
1122111111,
1221111111,
2211111111,
2111111112,
1111111212,
1111112121,
1111121211,Raga Sindhi-Bhairavi
1111212111,
1112121111,
1121211111,
1212111111,
2121111111,
1211111112,Maqam Tarzanuyn
2111111121,Maqam Shawq Afza
1111112112,
1111121121,
1111211211,
1112112111,
1121121111,
1211211111,
2112111111,
1121111112,
1211111121,
2111111211,
1111121112,
1111211121,
1112111211,
1121112111,
1211121111,
2111211111,Major/Minor mixed
1112111112,
1121111121,
1211111211,
2111112111,Minor Pentatonic with leading tones
1111211112,Messiaen mode 7
1112111121,
1121111211,Symmetrical Decatonic
1211112111,
2111121111,Messiaen mode 7 inverse
11111111112,
11111111121,
11111111211,
11111112111,
11111121111,
11111211111,
11112111111,
11121111111,
11211111111,
12111111111,
21111111111,
111111111111,Twelve-tone Chromatic (1/11-comma)